{
    "loss": 24.024389266967773,
    "accuracy": 0.5899999737739563
}{
    "loss": 21.7877197265625,
    "accuracy": 0.6000000238418579
}