{
    "loss": 2.72353458404541,
    "accuracy": 0.5799999833106995
}